token,address_hex,length
0,0x5a7f027a79f0,5
1,0x5a7f027a7a18,3
2,0x5a7f027a7a40,4
3,0x5a7f02b19750,1
4,0x5a7f02b19770,1
5,0x5a7f02b19790,1
6,0x5a7f02b197b0,1
7,0x5a7f02b197d0,1
8,0x5a7f02b197f0,1
9,0x5a7f02b19810,1
10,0x5a7f02b19830,1
11,0x5a7f02b19850,1
12,0x5a7f02b19870,1
13,0x5a7f02b19890,1
14,0x5a7f02b198b0,1
15,0x5a7f02b198d0,1
16,0x5a7f02b198f0,1
17,0x5a7f02b19910,1
18,0x5a7f02b19930,1
19,0x5a7f02b19950,1
20,0x5a7f02b19970,1
21,0x5a7f02b19990,1
22,0x5a7f02b199b0,1
23,0x5a7f02b199d0,1
24,0x5a7f02b199f0,1
25,0x5a7f02b19a10,1
26,0x5a7f02b19a30,1
27,0x5a7f02b19a50,1
28,0x5a7f02b19a70,1
29,0x5a7f02b19a90,1
30,0x5a7f02b19ab0,1
31,0x5a7f02b19ad0,1
32,0x5a7f02b19af0,1
33,0x5a7f02b19b10,1
34,0x5a7f02b19b30,1
35,0x5a7f02b19b50,1
36,0x5a7f02b19b70,1
37,0x5a7f02b19b90,1
38,0x5a7f02b19bb0,1
39,0x5a7f02b19bd0,1
40,0x5a7f02b19bf0,1
41,0x5a7f02b19c10,1
42,0x5a7f02b19c30,1
43,0x5a7f02b19c50,1
44,0x5a7f02b19c70,1
45,0x5a7f02b19c90,1
46,0x5a7f02b19cb0,1
47,0x5a7f02b19cd0,1
48,0x5a7f02b19cf0,1
49,0x5a7f02b19d10,1
50,0x5a7f02b19d30,1
51,0x5a7f02b19d50,1
52,0x5a7f02b19d70,1
53,0x5a7f02b19d90,1
54,0x5a7f02b19db0,1
55,0x5a7f02b19dd0,1
56,0x5a7f02b19df0,1
57,0x5a7f02b19e10,1
58,0x5a7f02b19e30,1
59,0x5a7f02b19e50,1
60,0x5a7f02b19e70,1
61,0x5a7f02b19e90,1
62,0x5a7f02b19eb0,1
63,0x5a7f02b19ed0,1
64,0x5a7f02b19ef0,1
65,0x5a7f02b19f10,1
66,0x5a7f02b19f30,1
67,0x5a7f02b19f50,1
68,0x5a7f02b19f70,1
69,0x5a7f02b19f90,1
70,0x5a7f02b19fb0,1
71,0x5a7f02b19fd0,1
72,0x5a7f02b19ff0,1
73,0x5a7f02b1a010,1
74,0x5a7f02b1a030,1
75,0x5a7f02b1a050,1
76,0x5a7f02b1a070,1
77,0x5a7f02b1a090,1
78,0x5a7f02b1a0b0,1
79,0x5a7f02b1a0d0,1
80,0x5a7f02b1a0f0,1
81,0x5a7f02b1a110,1
82,0x5a7f02b1a130,1
83,0x5a7f02b1a150,1
84,0x5a7f02b1a170,1
85,0x5a7f02b1a190,1
86,0x5a7f02b1a1b0,1
87,0x5a7f02b1a1d0,1
88,0x5a7f02b1a1f0,1
89,0x5a7f02b1a210,1
90,0x5a7f02b1a230,1
91,0x5a7f02b1a250,1
92,0x5a7f02b1a270,1
93,0x5a7f02b1a290,1
94,0x5a7f02b1a2b0,1
95,0x5a7f02b1a2d0,1
96,0x5a7f02b1a2f0,1
97,0x5a7f02b1a310,1
98,0x5a7f02b1a330,1
99,0x5a7f02b1a350,1
100,0x5a7f02b1a370,1
101,0x5a7f02b1a390,1
102,0x5a7f02b1a3b0,1
103,0x5a7f02b1a3d0,1
104,0x5a7f02b1a3f0,1
105,0x5a7f02b1a410,1
106,0x5a7f02b1a430,1
107,0x5a7f02b1a450,1
108,0x5a7f02b1a470,1
109,0x5a7f02b1a490,1
110,0x5a7f02b1a4b0,1
111,0x5a7f02b1a4d0,1
112,0x5a7f02b1a4f0,1
113,0x5a7f02b1a510,1
114,0x5a7f02b1a530,1
115,0x5a7f02b1a550,1
116,0x5a7f02b1a570,1
117,0x5a7f02b1a590,1
118,0x5a7f02b1a5b0,1
119,0x5a7f02b1a5d0,1
120,0x5a7f02b1a5f0,1
121,0x5a7f02b1a610,1
122,0x5a7f02b1a630,1
123,0x5a7f02b1a650,1
124,0x5a7f02b1a670,1
125,0x5a7f02b1a690,1
126,0x5a7f02b1a6b0,1
127,0x5a7f02b1a6d0,1
